cookie,timestamp
1ZcaVeqoINAqZqSq,2023-01-26T13:22:26+00:00
Op9SD0CIS9PHPWMz,2023-03-23T14:56:51+00:00
KN2aEWWhJe8a3LDf,2024-02-10T20:31:48+00:00
quC2JJ0De6NhCoEU,2024-08-31T21:06:00+00:00
IRG1L7LIcQ79a58e,2024-10-29T10:40:47+00:00
GmOTCeCVOyyQ6PBU,2025-04-04T00:36:03+00:00
UDRAt9oArey0rIcn,2025-06-28T17:02:15+00:00
mqbtD7KO9hj0zxGu,2024-09-16T02:51:16+00:00
HeX78ZxDnnMrJFTZ,2023-05-16T02:16:59+00:00
gcjaVcDUGpKIrU0F,2025-02-06T07:02:43+00:00
VjHQGSNHlCrUVc4t,2024-03-30T06:40:37+00:00
2HtZM6CeEGuG3Tp2,2025-10-15T12:33:33+00:00
bxJvs59lA7kR8d9f,2024-05-03T06:00:52+00:00
GCNn3C2g5kf4d5xu,2025-08-24T03:31:11+00:00
CbVbp2IiHa585Nzt,2025-02-02T12:59:30+00:00
tQgwuFPX1UVWiNjm,2025-05-01T15:37:00+00:00
s8UcL0rcckO7CcOu,2024-06-16T20:47:10+00:00
KXSVrpGfr85d3VNU,2023-10-09T08:31:40+00:00
nNPfjqvQDvtdEevk,2025-02-25T19:02:53+00:00
I0IWc3pAb1TheCcT,2023-10-10T21:56:04+00:00
